Jumlah Cluster (k),Nilai SSE (Inertia)
1,8000.000000000003
2,5453.041591908721
3,4512.433717410475
4,3861.9083515712355
5,3364.1443903419536
6,2954.799938944939
7,2646.671448918309
8,2396.123497003178
9,2201.184210558128
10,2039.9988207244314
